Model,Fold,Accuracy,Balanced Accuracy,Precision,Recall/Sensitivity,Specificity,Positive-class F1,Macro F1,ROC-AUC,Brier score,TN,FP,FN,TP
Logistic Regression,1,0.851063829787234,0.837962962962963,0.8823529411764706,0.75,0.9259259259259259,0.8108108108108109,0.8440018966334756,0.9333333333333332,0.11794733193579071,25,2,5,15
SVM (RBF),1,0.851063829787234,0.8444444444444444,0.8421052631578947,0.8,0.8888888888888888,0.8205128205128205,0.8466200466200466,0.937037037037037,0.10595967642237661,24,3,4,16
Decision Tree,1,0.8723404255319149,0.8564814814814814,0.9375,0.75,0.9629629629629629,0.8333333333333334,0.8649425287356323,0.8944444444444444,0.11177982364468915,26,1,5,15
Random Forest,1,0.8723404255319149,0.8629629629629629,0.8888888888888888,0.8,0.9259259259259259,0.8421052631578947,0.8674812030075187,0.9185185185185185,0.11129157446808512,25,2,4,16
Gradient Boosting,1,0.8723404255319149,0.8629629629629629,0.8888888888888888,0.8,0.9259259259259259,0.8421052631578947,0.8674812030075187,0.9296296296296297,0.10289825471124196,25,2,4,16
Soft Voting Ensemble,1,0.8723404255319149,0.8629629629629629,0.8888888888888888,0.8,0.9259259259259259,0.8421052631578947,0.8674812030075187,0.9481481481481481,0.10050438930167219,25,2,4,16
Stacking Ensemble,1,0.8723404255319149,0.8629629629629629,0.8888888888888888,0.8,0.9259259259259259,0.8421052631578947,0.8674812030075187,0.9407407407407407,0.09643603198611905,25,2,4,16
Logistic Regression,2,0.7872340425531915,0.7953703703703703,0.7083333333333334,0.85,0.7407407407407407,0.7727272727272727,0.7863636363636364,0.8722222222222222,0.1564528674698511,20,7,3,17
SVM (RBF),2,0.8085106382978723,0.8203703703703704,0.72,0.9,0.7407407407407407,0.8,0.8081632653061225,0.8740740740740741,0.14897119225604905,20,7,2,18
Decision Tree,2,0.7659574468085106,0.7574074074074073,0.7368421052631579,0.7,0.8148148148148148,0.717948717948718,0.7589743589743589,0.7666666666666666,0.20859647943245058,22,5,6,14
Random Forest,2,0.7446808510638298,0.7583333333333333,0.6538461538461539,0.85,0.6666666666666666,0.7391304347826086,0.7445652173913043,0.9064814814814816,0.13497872340425532,18,9,3,17
Gradient Boosting,2,0.7659574468085106,0.7638888888888888,0.7142857142857143,0.75,0.7777777777777778,0.7317073170731707,0.762080073630925,0.875925925925926,0.1556711261655708,21,6,5,15
Soft Voting Ensemble,2,0.7659574468085106,0.7768518518518519,0.68,0.85,0.7037037037037037,0.7555555555555555,0.7655328798185941,0.8907407407407407,0.14745492486623019,19,8,3,17
Stacking Ensemble,2,0.7872340425531915,0.8018518518518518,0.6923076923076923,0.9,0.7037037037037037,0.782608695652174,0.7871376811594203,0.8944444444444445,0.16078633173783236,19,8,2,18
Logistic Regression,3,0.851063829787234,0.8444444444444444,0.8421052631578947,0.8,0.8888888888888888,0.8205128205128205,0.8466200466200466,0.9370370370370371,0.10647096857716398,24,3,4,16
SVM (RBF),3,0.8085106382978723,0.7944444444444444,0.8235294117647058,0.7,0.8888888888888888,0.7567567567567568,0.7994310099573257,0.9277777777777777,0.11503900623235093,24,3,6,14
Decision Tree,3,0.8297872340425532,0.825925925925926,0.8,0.8,0.8518518518518519,0.8,0.825925925925926,0.8574074074074074,0.16283418553688825,23,4,4,16
Random Forest,3,0.8936170212765957,0.8944444444444444,0.8571428571428571,0.9,0.8888888888888888,0.8780487804878049,0.8918545789231478,0.9583333333333334,0.09003268085106383,24,3,2,18
Gradient Boosting,3,0.8297872340425532,0.8194444444444444,0.8333333333333334,0.75,0.8888888888888888,0.7894736842105263,0.8233082706766917,0.937962962962963,0.09618483357206094,24,3,5,15
Soft Voting Ensemble,3,0.8723404255319149,0.8694444444444445,0.85,0.85,0.8888888888888888,0.85,0.8694444444444445,0.9481481481481482,0.09747427903664962,24,3,3,17
Stacking Ensemble,3,0.8723404255319149,0.8694444444444445,0.85,0.85,0.8888888888888888,0.85,0.8694444444444445,0.95,0.09720146529734698,24,3,3,17
Logistic Regression,4,0.7446808510638298,0.7388888888888889,0.7,0.7,0.7777777777777778,0.7,0.7388888888888889,0.837037037037037,0.1594589435350602,21,6,6,14
SVM (RBF),4,0.7021276595744681,0.6953703703703704,0.65,0.65,0.7407407407407407,0.65,0.6953703703703704,0.8055555555555555,0.18174616732099635,20,7,7,13
Decision Tree,4,0.7872340425531915,0.7564814814814815,0.9166666666666666,0.55,0.9629629629629629,0.6875,0.7631048387096775,0.8435185185185186,0.15181798644081043,26,1,9,11
Random Forest,4,0.7872340425531915,0.7694444444444444,0.8125,0.65,0.8888888888888888,0.7222222222222222,0.774904214559387,0.8925925925925926,0.13386999846485576,24,3,7,13
Gradient Boosting,4,0.8297872340425532,0.8194444444444444,0.8333333333333334,0.75,0.8888888888888888,0.7894736842105263,0.8233082706766917,0.8870370370370371,0.14073867473895055,24,3,5,15
Soft Voting Ensemble,4,0.7659574468085106,0.750925925925926,0.7647058823529411,0.65,0.8518518518518519,0.7027027027027027,0.7548601232811759,0.8666666666666667,0.14189155410429868,23,4,7,13
Stacking Ensemble,4,0.7659574468085106,0.750925925925926,0.7647058823529411,0.65,0.8518518518518519,0.7027027027027027,0.7548601232811759,0.8592592592592593,0.14951518254482854,23,4,7,13
Logistic Regression,5,0.7659574468085106,0.7379629629629629,0.8461538461538461,0.55,0.9259259259259259,0.6666666666666666,0.7431693989071038,0.912962962962963,0.14106568774077133,25,2,9,11
SVM (RBF),5,0.7659574468085106,0.7444444444444445,0.8,0.6,0.8888888888888888,0.6857142857142857,0.749636803874092,0.8907407407407407,0.14984120818463995,24,3,8,12
Decision Tree,5,0.7872340425531915,0.7694444444444444,0.8125,0.65,0.8888888888888888,0.7222222222222222,0.774904214559387,0.7694444444444444,0.2127659574468085,24,3,7,13
Random Forest,5,0.8297872340425532,0.8064814814814815,0.9285714285714286,0.65,0.9629629629629629,0.7647058823529411,0.8156862745098039,0.9185185185185185,0.1236044255319149,26,1,7,13
Gradient Boosting,5,0.8297872340425532,0.8064814814814815,0.9285714285714286,0.65,0.9629629629629629,0.7647058823529411,0.8156862745098039,0.9037037037037037,0.13229874100433556,26,1,7,13
Soft Voting Ensemble,5,0.851063829787234,0.8314814814814815,0.9333333333333333,0.7,0.9629629629629629,0.8,0.840677966101695,0.8944444444444444,0.13119292967711857,26,1,6,14
Stacking Ensemble,5,0.8085106382978723,0.787962962962963,0.8666666666666667,0.65,0.9259259259259259,0.7428571428571429,0.7951573849878935,0.9055555555555556,0.12575634593045182,25,2,7,13
